USER_ID,GENDER,E_MAIL,AGE
1,Female,success1@simulator.amazonses.com,21
2,Female,success+2@simulator.amazonses.com,35
3,Male,success+3@simulator.amazonses.com,37
4,Female,success+4@simulator.amazonses.com,47
5,Agender,success+5@simulator.amazonses.com,50
6,Polygender,success+6@simulator.amazonses.com,26
7,Male,success+7@simulator.amazonses.com,47
8,Male,success+8@simulator.amazonses.com,63
9,Male,success+9@simulator.amazonses.com,30
10,Female,success+10@simulator.amazonses.com,56
11,Female,success+11@simulator.amazonses.com,46
12,Male,success+12@simulator.amazonses.com,40
13,Male,success+13@simulator.amazonses.com,22
14,Female,success+14@simulator.amazonses.com,51
15,Male,success+15@simulator.amazonses.com,60
16,Male,success+16@simulator.amazonses.com,38
17,Male,success+17@simulator.amazonses.com,19
18,Female,success+18@simulator.amazonses.com,50
19,Female,success+19@simulator.amazonses.com,28
20,Male,success+20@simulator.amazonses.com,58
21,Genderqueer,success+21@simulator.amazonses.com,60
22,Female,success+22@simulator.amazonses.com,38
23,Agender,success+23@simulator.amazonses.com,60
24,Female,success+24@simulator.amazonses.com,21
25,Female,success+25@simulator.amazonses.com,60
26,Male,success+26@simulator.amazonses.com,34
27,Male,success+27@simulator.amazonses.com,63
28,Female,success+28@simulator.amazonses.com,35
29,Male,success+29@simulator.amazonses.com,56
30,Female,success+30@simulator.amazonses.com,52
31,Female,success+31@simulator.amazonses.com,25
32,Female,success+32@simulator.amazonses.com,53
33,Male,success+33@simulator.amazonses.com,43
34,Female,success+34@simulator.amazonses.com,20
35,Female,success+35@simulator.amazonses.com,54
36,Female,success+36@simulator.amazonses.com,44
37,Female,success+37@simulator.amazonses.com,51
38,Female,success+38@simulator.amazonses.com,40
39,Male,success+39@simulator.amazonses.com,26
40,Female,success+40@simulator.amazonses.com,58
41,Genderqueer,success+41@simulator.amazonses.com,51
42,Female,success+42@simulator.amazonses.com,42
43,Polygender,success+43@simulator.amazonses.com,36
44,Male,success+44@simulator.amazonses.com,58
45,Male,success+45@simulator.amazonses.com,22
46,Female,success+46@simulator.amazonses.com,34
47,Male,success+47@simulator.amazonses.com,57
48,Female,success+48@simulator.amazonses.com,31
49,Male,success+49@simulator.amazonses.com,23
50,Male,success+50@simulator.amazonses.com,61
51,Male,success+51@simulator.amazonses.com,34
52,Male,success+52@simulator.amazonses.com,42
53,Male,success+53@simulator.amazonses.com,61
54,Male,success+54@simulator.amazonses.com,18
55,Male,success+55@simulator.amazonses.com,49
56,Polygender,success+56@simulator.amazonses.com,58
57,Genderfluid,success+57@simulator.amazonses.com,58
58,Female,success+58@simulator.amazonses.com,38
59,Male,success+59@simulator.amazonses.com,27
60,Male,success+60@simulator.amazonses.com,31
61,Male,success+61@simulator.amazonses.com,62
62,Female,success+62@simulator.amazonses.com,41
63,Male,success+63@simulator.amazonses.com,54
64,Male,success+64@simulator.amazonses.com,62
65,Female,success+65@simulator.amazonses.com,57
66,Male,success+66@simulator.amazonses.com,24
67,Female,success+67@simulator.amazonses.com,38
68,Genderqueer,success+68@simulator.amazonses.com,43
69,Female,success+69@simulator.amazonses.com,35
70,Male,success+70@simulator.amazonses.com,57
71,Female,success+71@simulator.amazonses.com,35
72,Female,success+72@simulator.amazonses.com,48
73,Male,success+73@simulator.amazonses.com,31
74,Female,success+74@simulator.amazonses.com,53
75,Male,success+75@simulator.amazonses.com,28
76,Male,success+76@simulator.amazonses.com,24
77,Female,success+77@simulator.amazonses.com,34
78,Female,success+78@simulator.amazonses.com,23
79,Male,success+79@simulator.amazonses.com,24
80,Female,success+80@simulator.amazonses.com,27
81,Male,success+81@simulator.amazonses.com,28
82,Male,success+82@simulator.amazonses.com,35
83,Female,success+83@simulator.amazonses.com,61
84,Female,success+84@simulator.amazonses.com,24
85,Genderqueer,success+85@simulator.amazonses.com,40
86,Male,success+86@simulator.amazonses.com,56
87,Male,success+87@simulator.amazonses.com,53
88,Female,success+88@simulator.amazonses.com,49
89,Female,success+89@simulator.amazonses.com,28
90,Female,success+90@simulator.amazonses.com,34
91,Female,success+91@simulator.amazonses.com,34
92,Male,success+92@simulator.amazonses.com,34
93,Female,success+93@simulator.amazonses.com,53
94,Male,success+94@simulator.amazonses.com,57
95,Female,success+95@simulator.amazonses.com,38
96,Male,success+96@simulator.amazonses.com,57
97,Male,success+97@simulator.amazonses.com,62
98,Female,success+98@simulator.amazonses.com,45
99,Male,success+99@simulator.amazonses.com,37
100,Male,success+100@simulator.amazonses.com,64
